{
    "_comment": "AZUR 3G30LARS_202203_Electra_minIop. Scalars from the real project file (03_PowerPy_02). The isc_dt/imp_dt/vmp_dt/voc_dt and r_isc/r_imp/r_vmp/r_voc regressor curves in the real file are not reproduced here (thousands of points) -- the 'degradation' block below is a placeholder used by the analytic single-diode path.",
    "name": "AZUR 3G30LARS_202203_Electra_minIop. Bare cell dataset.",
    "reference": "BOL auf min Iop reduziert, TC fits unveraendert, RFs an Electra MCR angepasst",
    "alpha": 0.91,
    "epsilon": 0.83,
    "isc": 1.2311,
    "imp": 1.18425,
    "vmp": 2.375,
    "voc": 2.679,
    "r_interconnect": 0.0039,
    "t_ref": 28,
    "area": 0.007075,
    "temp_coeff_isc": 0.043,
    "temp_coeff_voc": -0.0062,
    "r_voc": {
        "dose": [
            0,
            5,
            10,
            15,
            20,
            30,
            40,
            50,
            60,
            70,
            80,
            90,
            100
        ],
        "value": [
            1.0,
            0.974622,
            0.953845,
            0.936834,
            0.922906,
            0.902167,
            0.888266,
            0.878947,
            0.872701,
            0.868513,
            0.865707,
            0.863825,
            0.862564
        ]
    },
    "r_vmp": {
        "dose": [
            0,
            5,
            10,
            15,
            20,
            30,
            40,
            50,
            60,
            70,
            80,
            90,
            100
        ],
        "value": [
            1.0,
            0.969683,
            0.946719,
            0.929325,
            0.916149,
            0.898609,
            0.888546,
            0.882772,
            0.879459,
            0.877559,
            0.876468,
            0.875842,
            0.875483
        ]
    },
    "r_isc": {
        "dose": [
            0,
            5,
            10,
            15,
            20,
            30,
            40,
            50,
            60,
            70,
            80,
            90,
            100
        ],
        "value": [
            1.0,
            0.98,
            0.96,
            0.94,
            0.92,
            0.88,
            0.84,
            0.8,
            0.76,
            0.72,
            0.68,
            0.64,
            0.6
        ]
    },
    "r_imp": {
        "dose": [
            0,
            5,
            10,
            15,
            20,
            30,
            40,
            50,
            60,
            70,
            80,
            90,
            100
        ],
        "value": [
            1.0,
            0.9765,
            0.953,
            0.9295,
            0.906,
            0.859,
            0.812,
            0.765,
            0.718,
            0.671,
            0.624,
            0.577,
            0.53
        ]
    },
    "voc_dt": {
        "dose": [
            0,
            5,
            10,
            15,
            20,
            30,
            40,
            50,
            60,
            70,
            80,
            90,
            100
        ],
        "value": [
            -0.006,
            -0.0061382,
            -0.0062551,
            -0.0063541,
            -0.0064379,
            -0.0065689,
            -0.0066628,
            -0.00673,
            -0.0067782,
            -0.0068127,
            -0.0068375,
            -0.0068552,
            -0.0068679
        ]
    },
    "vmp_dt": {
        "dose": [
            0,
            5,
            10,
            15,
            20,
            30,
            40,
            50,
            60,
            70,
            80,
            90,
            100
        ],
        "value": [
            -0.0062,
            -0.0063535,
            -0.0064835,
            -0.0065935,
            -0.0066866,
            -0.0068321,
            -0.0069364,
            -0.0070111,
            -0.0070647,
            -0.007103,
            -0.0071305,
            -0.0071502,
            -0.0071643
        ]
    },
    "imp_dt": {
        "dose": [
            0,
            5,
            10,
            15,
            20,
            30,
            40,
            50,
            60,
            70,
            80,
            90,
            100
        ],
        "value": [
            0.0005,
            0.0006118,
            0.0007009,
            0.0007719,
            0.0008284,
            0.0009093,
            0.0009607,
            0.0009933,
            0.001014,
            0.0010272,
            0.0010355,
            0.0010408,
            0.0010442
        ]
    },
    "isc_dt": {
        "dose": [
            0,
            5,
            10,
            15,
            20,
            30,
            40,
            50,
            60,
            70,
            80,
            90,
            100
        ],
        "value": [
            0.00085,
            0.0008961,
            0.000931,
            0.0009574,
            0.0009775,
            0.0010041,
            0.0010194,
            0.0010282,
            0.0010332,
            0.0010361,
            0.0010378,
            0.0010387,
            0.0010393
        ]
    },
    "degradation": {
        "isc": [
            [
                10000000000000.0,
                0.99
            ],
            [
                100000000000000.0,
                0.96
            ],
            [
                1000000000000000.0,
                0.9
            ]
        ],
        "voc": [
            [
                10000000000000.0,
                0.99
            ],
            [
                100000000000000.0,
                0.97
            ],
            [
                1000000000000000.0,
                0.92
            ]
        ]
    }
}